"NM_173391.3 Mus musculus tryptophan hydroxylase 2 (Tph2), mRNA","","","","",""
"Odd probe_B2","Start","End","Even probe_B2","Start","end"
"CTCACTCCCAATCTCTATAAGGCGGCCGCTGGGCTTGGGGGAGGC","1","25","AGCCTGAAGAAGGGAGAGATCCGGAAACTACCCTACAAATCCAAT","28","52"
"CTCACTCCCAATCTCTATAACACGATCCCTGGTCCGGCACGGGAG","53","77","GTCACCCCAGGGCTGCTTCCTTGCTAACTACCCTACAAATCCAAT","80","104"
"CTCACTCCCAATCTCTATAATCTGTCACAGGAGTACGTGCTGGGT","105","129","GCGTCCCGGGGCTGGGCTGGGCTCGAACTACCCTACAAATCCAAT","132","156"
"CTCACTCCCAATCTCTATAAGACCCTCCCGCGACTCCTCTGCGAA","157","181","CAGGCTCGGTTCAGCGACAGCGAGCAACTACCCTACAAATCCAAT","184","208"
"CTCACTCCCAATCTCTATAAGTCCCCCGCAGACTGGGCGCAGGAA","209","233","TGGTCTTGGGGTCTCTACGGTTCAAAACTACCCTACAAATCCAAT","236","260"
"CTCACTCCCAATCTCTATAAGGAGTGGAAGATGCCATCAGCTCGG","261","285","CCCGCGTTCGAGGAGGTTGCAGGCGAACTACCCTACAAATCCAAT","288","312"
"CTCACTCCCAATCTCTATAACAGGTTGGTAGTATTAGGATCCGCT","313","337","ACACCAAGTATCATACGTTGTAGGGAACTACCCTACAAATCCAAT","340","364"
"CTCACTCCCAATCTCTATAATTCTGGTGCATCCATGGGCTACGCC","365","389","AGAAGCCACAGATCTTCAGGCCCAGAACTACCCTACAAATCCAAT","392","416"
"CTCACTCCCAATCTCTATAATCTTCCAGGCTATTGGTCCTTTGTA","417","441","CTGAAGGCGCTCACAAGACGACTCTAACTACCCTACAAATCCAAT","444","468"
"CTCACTCCCAATCTCTATAACAGGTTCTTGGAGGACTGCCTCTCC","469","493","ACCCTGGTCACTGTTTTCACAGGAAAACTACCCTACAAATCCAAT","496","520"
"CTCACTCCCAATCTCTATAACGGTCTCTGTGCGCCGGAAGCGGGC","521","545","GATCTTGAGCAAACAGGTTGGAGAAAACTACCCTACAAATCCAAT","548","572"
"CTCACTCCCAATCTCTATAATCCTCCCCGTTCTTAGCTGGAAGCA","573","597","ACTTCCAGCAAGAACTGCGCAGTTTAACTACCCTACAAATCCAAT","600","624"
"CTCACTCCCAATCTCTATAAGACATAGTTGAGGAGTATGTCTACC","625","649","CTTGGTGGAGCGATCAAATGTCTTGAACTACCCTACAAATCCAAT","652","676"
"CTCACTCCCAATCTCTATAATGGCCGATGATTCTGGTTCTGTAAA","2057","2081","CTCTAGGGTACCAGAGGGGCACAAGAACTACCCTACAAATCCAAT","2084","2108"
"CTCACTCCCAATCTCTATAATGTGTCAGCTACTGACAGAGCTGTG","2109","2133","TAATTTCCTTCAGTGAGATGGCCTAAACTACCCTACAAATCCAAT","2136","2160"
"CTCACTCCCAATCTCTATAAGTGACAAATATTCTTTAAGAGATTG","2161","2185","GCTCTAACAAACAAGCTTATGTGAAAACTACCCTACAAATCCAAT","2188","2212"
"CTCACTCCCAATCTCTATAATGGTCTAGGACTAAGCCACAGTCAC","2310","2334","AATTTCCTGGGGACGAGCAACATGCAACTACCCTACAAATCCAAT","2337","2361"
"CTCACTCCCAATCTCTATAACTTAGTAATTGCTGGGGGTAAGGCT","2362","2386","GTAGTTGCTTGCGAGATGGTTTAGCAACTACCCTACAAATCCAAT","2389","2413"
"CTCACTCCCAATCTCTATAACTGCAGTAGGGATACCATCCGCCCT","2414","2438","ACAGCCTTTCCCTGGGTCCCTAGGAAACTACCCTACAAATCCAAT","2441","2465"
"CTCACTCCCAATCTCTATAACTAGCAGGGAGGTAGCCTCCCACCA","2466","2490","CCATCATCCCTTCACGTGGGAACAGAACTACCCTACAAATCCAAT","2493","2517"
"CTCACTCCCAATCTCTATAATGTCATTTACTGGTACATCTGTCAT","2518","2542","GGGTACTAACAGGGAGGGTGTGACAAACTACCCTACAAATCCAAT","2545","2569"
"CTCACTCCCAATCTCTATAAAAGACTGCTACTATTTCCCCTAGCA","2570","2594","AAAACACAGCAAAGCACAATTGTGAAACTACCCTACAAATCCAAT","2597","2621"
"CTCACTCCCAATCTCTATAAACACAGTTTACACAGATTAATCTCT","2622","2646","CTGCCCAAAGATAGACAATGGCAATAACTACCCTACAAATCCAAT","2649","2673"
"CTCACTCCCAATCTCTATAAATTTAATCATTATATGCACTTCCCC","2674","2698","AATAAGCAGATATCTCACTGACATAAACTACCCTACAAATCCAAT","2701","2725"
"CTCACTCCCAATCTCTATAATTAACATGGTATATATTTGAATATA","2726","2750","AATGGGAAGAAAATACAAGATGTCTAACTACCCTACAAATCCAAT","2753","2777"
"CTCACTCCCAATCTCTATAATAATATATAAATAAGATACATTACA","2778","2802","ATAAACAGTATCCAGAACTTACTCCAACTACCCTACAAATCCAAT","2805","2829"
"CTCACTCCCAATCTCTATAATGGCTCACAAATGCACGAAAATACC","2830","2854","ATCTCACTAATTTTCATCTTTTCTCAACTACCCTACAAATCCAAT","2857","2881"
"CTCACTCCCAATCTCTATAATAAGGGCACTCTAATATAAATGCAA","2882","2906","AGTACACATATGTTCAAATCATTATAACTACCCTACAAATCCAAT","2909","2933"
"CTCACTCCCAATCTCTATAAACAGTATCAGAATTCTTTTCCAGAC","2934","2958","CAAGATTTCCATAACATGACTCTATAACTACCCTACAAATCCAAT","2961","2985"
"CTCACTCCCAATCTCTATAAAAGAGAAGAGCGAAGGCTACTGAAG","2986","3010","ACATCTGACATACAGCCTGAGGGGGAACTACCCTACAAATCCAAT","3013","3037"
"CTCACTCCCAATCTCTATAAAACAGTTACTAGAAAAGCTTTGAGA","3038","3062","TTACAGGAGATCTAGTTATTATTATAACTACCCTACAAATCCAAT","3065","3089"
"CTCACTCCCAATCTCTATAAAGATTGGTCATATACTACTACAAAA","3090","3114","CTTAGGTTTCAGCTAAGCGAGTCACAACTACCCTACAAATCCAAT","3117","3141"
"CTCACTCCCAATCTCTATAATATCGGAGGTCTTCAGAAACATTGC","3142","3166","CAAAAACACTTGTGGGACTGGTCAGAACTACCCTACAAATCCAAT","3169","3193"
"CTCACTCCCAATCTCTATAAATGCACAGTGTGGGTTTCATGTCTT","3194","3218","TATTTATATTCTTCTTGCACACCCTAACTACCCTACAAATCCAAT","3221","3245"
